,Feature Names,Importance
0,Diff. Lattice Constants,0.01617259683090086
1,Diff. Melting Point,0.007944334284779364
2,Mixing Enthalpy,0.011198363689379784
3,Lattice Constants,0.0023128678531060378
4,Lambda,0.06028482713874866
5,Diff. in atomic radii,0.04615158275939913
6,Omega,0.007690971205299948
7,Melting Temp.,0.075389581915247
8,Diff. Electronegativity,0.0012033312531522196
9,Mixing Entropy,0.0029861781345901484
10,Valence electron,0.7686653649353969
