,Feature Names,Importance
0,Diff. Lattice Constants,0.002338338188639739
1,Diff. Melting Point,0.010240483370713569
2,Mixing Enthalpy,0.016474084848362467
3,Lattice Constants,0.012984613803830054
4,Lambda,0.0950842560591007
5,Diff. in atomic radii,0.053746371556860996
6,Omega,0.0028166852723323483
7,Melting Temp.,0.04577454446004775
8,Diff. Electronegativity,0.002104458080014909
9,Mixing Entropy,0.00477263103314256
10,Valence electron,0.7536635333269549
