,Feature Names,Importance
0,Diff. Lattice Constants,0.02695481860454012
1,Diff. Melting Point,0.04034361765718438
2,Mixing Enthalpy,0.12106077573689608
3,Lattice Constants,0.05853981925987731
4,Lambda,0.1008092585330997
5,Diff. in atomic radii,0.2437235337456994
6,Omega,0.023353360043861238
7,Melting Temp.,0.12001634030322296
8,Diff. Electronegativity,0.07989458196556183
9,Mixing Entropy,0.03673481959354241
10,Valence electron,0.1485690745565146
