,Feature Names,Importance
0,Diff. Lattice Constants,0.03975868346556214
1,Diff. Melting Point,0.09064004466191941
2,Mixing Enthalpy,0.1151572974377154
3,Lattice Constants,0.09269460260010151
4,Lambda,0.09146422155758897
5,Diff. in atomic radii,0.11957139617622174
6,Omega,0.03490626400431042
7,Melting Temp.,0.10980560620020688
8,Diff. Electronegativity,0.15105372890241153
9,Mixing Entropy,0.03398342615889838
10,Valence electron,0.1209647288350636
